JAVA,PYTHON,NET,TESTING,OTHER,Marketing,JAVA & .NET
JAVA -GENERIC,PYTHON FULL STACK WITH ANGULAR,ASP.NET,TESTING,WEB DEVELOPMENT,FUNDAMENTAL MARKETING,JAVA.NET
JAVA FULL STACK WITH ANGULAR,,EDGE .NET,SDET- TEST AUTOMATION,ARTIFICIAL INTELLIGENCE,DIGITAL MARKETING,
EDGE JAVA,,.NET+ MICROSOFT DYNAMICS,,PROGRAMMING,CONTENT MARKETING,
JAVA,,.NET FULL STACK WITH ANGULAR,,SEM,EMAIL MARKETING,
,,.NET,,WRITING,ENTREPRENEURSHIP,
,,POPEL(.NET),,ECOMMERCE,SALES,
,,,,LANGUAGES,SOCIAL MEDIA MARKETING,
,,,,EDGE-INFRA,,
,,,,PERSONAL & PROFESSIONAL DEVELOPMENT,,
,,,,GRAPHIC DESIGN,,
,,,,IPATH,,
,,,,BUSINESS & FINANCE,,
,,,,CODING,,
,,,,FOREIGN LANGUAGE,,
,,,,HUMANITIES,,
,,,,NODE FULL STACK WITH REACT,,
,,,,DATA SCIENCE,,
,,,,DESIGN,,
,,,,COMMUNICATION,,
,,,,ITCP,,
,,,,CYBER SECURITY,,
,,,,DATA ANALYTICS,,